{
  "global": {
    "color": {
      "globalTextColor": { "value": "#ddd0cd", "type": "color" },
      "backgroundColor": { "value": "#1b4b48", "type": "color" },
      "headerBackround": { "value": "#c09f0c", "type": "color" },
      "promoBackground": { "value": "#5F504D", "type": "color" },
      "footerBackground": { "value": "#878787", "type": "color" },
      "filterSectionBorderColor": { "value": "#4c5185", "type": "color" },
      "linkTextColor": { "value": "#5F504D", "type": "color" },
      "plpFilterSectionBackground": { "value": "#ffffff", "type": "color" },
      "dummycheck": { "value": "#a02235", "type": "color" }
    },
    "promo": { "fontSize": { "value": "20px", "type": "fontSizes" } },
    "buttons": {
      "background": { "value": "#FFD203", "type": "color" },
      "colour": { "value": "#5F504D", "type": "color" },
      "hoverBackground": { "value": "#5F504D", "type": "color" },
      "hoverColor": { "value": "#FFFFFF", "type": "color" },
      "disabledBackground": { "value": "#C1C1C1", "type": "color" },
      "disabledColor": { "value": "#000000", "type": "color" }
    },
    "PLP": {
      "breadcrumb": {
        "fontSize": { "value": "14px", "type": "fontSizes" },
        "fontWeight": { "value": "400", "type": "fontWeights" },
        "color": { "value": "#000000", "type": "color" }
      },
      "filterHeading": {
        "fontSize": { "value": "30px", "type": "fontSizes" },
        "fontWeight": { "value": "700", "type": "fontWeights" },
        "color": { "value": "#000000", "type": "color" }
      },
      "filterSection": {
        "background": { "value": "#ffffff", "type": "color" },
        "border": {
          "value": { "color": "#a5a3a3", "width": "1px", "style": "solid" },
          "type": "border"
        }
      },
      "filterSubHeading": {
        "fontSize": { "value": "16px", "type": "fontSizes" },
        "fontWeight": { "value": "600", "type": "fontWeights" },
        "color": { "value": "#000000", "type": "color" }
      },
      "filterContent": {
        "color": { "value": "#4f4949", "type": "color" },
        "fontSize": { "value": "14px", "type": "fontSizes" },
        "fontWeight": { "value": "400", "type": "fontWeights" }
      },
      "Tile": {
        "background": { "value": "#ffffff", "type": "color" },
        "prod": {
          "name": {
            "color": { "value": "#000", "type": "color" },
            "fontSize": { "value": "16px", "type": "fontSizes" },
            "fontWeight": { "value": "600", "type": "fontWeights" }
          },
          "price": {
            "color": { "value": "#000000", "type": "color" },
            "fontSize": { "value": "16px", "type": "fontSizes" },
            "fontWeight": { "value": "400", "type": "fontWeights" }
          }
        },
        "borderRadius": { "value": "0px", "type": "borderRadius" },
        "boxShadow": {
          "value": {
            "x": "0px",
            "y": "0px",
            "blur": "0px",
            "spread": "0px",
            "color": "#fff",
            "type": "innerShadow"
          },
          "type": "boxShadow"
        }
      },
      "TileHover": { "scale": { "value": "1.08", "type": "other" } }
    },
    "breakpoints": {
      "sm": { "value": "640px", "type": "sizing" },
      "md": { "value": "769px", "type": "sizing" },
      "lg": { "value": "1280px", "type": "sizing" },
      "xl": { "value": "1400px", "type": "sizing" },
      "xxl": { "value": "1600px", "type": "sizing" },
      "xxxl": { "value": "1800", "type": "sizing" }
    }
  },
  "PLP": {},
  "$themes": [],
  "$metadata": { "tokenSetOrder": ["global", "PLP"] }
}
